国家,背号,姓名,位置,身高(cm),出生年份,俱乐部
比利时,1,贝尔泰尔斯,OH,185,2006,贝弗伦
比利时,2,范萨斯,S,188,1997,贝弗伦
比利时,28,德布,L,178,2007,贝弗伦
比利时,33,范德肖门,L,163,2005,鲁瑟拉勒
比利时,3,赫尔伯茨,OH,182,1999,诺瓦拉(意甲)
比利时,4,莱门斯,MB,192,1995,热舒夫(波超)
比利时,17,沃特斯,MB,193,2006,鲁瑟拉勒
比利时,19,范阿韦马特,MB,192,1999,诺瓦拉(意甲)
比利时,5,拉多维奇,OH,184,2007,莎普
比利时,7,库尔贝里格,MB,188,2004,斯图加特(德甲)
比利时,26,豪本,MB,186,2006,奥德海姆
比利时,8,纳赫尔斯,S,182,1997,苏尔图林根(德甲)
比利时,9,德梅耶,OH,175,2001,奥德海姆
比利时,32,霍尔,O,182,2009,维尔福德体育学院
比利时,10,马丁,O,189,2002,斯图加特(德甲)
比利时,12,克雷尼茨基,S,189,2000,阿尔巴布拉日(罗马尼亚)
比利时,16,德布克,L,162,2005,贝弗伦
比利时,6,吉尔松,OH,184,1999,贝弗伦
比利时,18,朗佩尔贝里格,L,165,2000,亚特兰大律动(美联)
比利时,20,弗兰森,MB,184,2002,贝弗伦
比利时,23,勒伊滕,OH,188,2006,鲁瑟拉勒
比利时,25,范埃尔森,OH,182,2004,奥德海姆
比利时,30,霍斯特,OH,185,2007,鲁瑟拉勒
比利时,31,约森,OH,184,2009,维尔福德体育学院
比利时,21,德勒,OH,185,2007,鲁瑟拉勒
比利时,24,梅斯,MB,188,2008,维尔福德体育学院
比利时,22,韦尔赫斯特,O,186,2007,奥德海姆
比利时,15,范德韦弗,S,173,1996,马克昂巴勒勒(法甲)
比利时,27,诺伊夫肯斯,S,167,2005,贝弗伦
比利时,29,恩赫尔斯,S,183,2005,Thuismakers Brabo Antwerp VT
巴西,1,布鲁娜,S,170,1995,Sancor Seguros Vôlei Maringá
巴西,2,迪亚娜,MB,194,1999,塞西包鲁
巴西,3,马克里斯,S,178,1989,海滩
巴西,4,洛雷娜,MB,190,1999,塞斯克·弗拉门托
巴西,5,纳蒂尼亚,L,162,1997,海滩
巴西,7,罗萨玛丽亚,O,185,1994,蜜蜂电装(日联)
巴西,20,迈阿拉,OH,189,1996,奥萨斯科
巴西,21,卡琳娜,OH,182,1998,塞斯克·弗拉门托
巴西,23,德鲁西拉,OH,182,1996,阿尔巴布拉日(罗马尼亚)
巴西,8,库蒂斯,MB,192,2003,米纳斯
巴西,9,罗贝塔,S,185,1990,土耳其航空(土超)
巴西,18,热奥瓦娜,O,194,2001,米纳斯
巴西,25,雅奎琳,O,186,2003,Sancor Seguros Vôlei Maringá
巴西,12,萨布丽娜,O,181,1996,蜜蜂电装(日联)
巴西,10,加比,OH,180,1994,科内利亚诺(意甲)
巴西,11,卢齐娅,MB,199,2004,保利斯塔诺 
巴西,14,安娜・克里斯蒂娜,OH,192,2004,费内巴切(土超)
巴西,15,海伦娜,OH,199,2005,塞斯克·弗拉门托
巴西,26,拉里萨,MB,190,2001,奥萨斯科
巴西,27,兰娜,MB,187,2000,Paulistano/Barueri
巴西,28,利维娅,MB,185,2003,巴西利亚
巴西,16,基西,O,191,2000,加里宁格勒火车头(俄超)
巴西,17,贝格曼,OH,191,2001,土耳其航空(土超)
巴西,24,基卡,L,165,1996,Batavo/Mackenzie
巴西,29,宝莉娜,L,174,1999,Sancor Seguros Vôlei Maringá
巴西,19,泰娜拉,O,190,2000,塞斯克·弗拉门托
巴西,6,尼耶梅·科斯塔,L,175,1998,米纳斯
巴西,22,玛塞尔,L,163,2002,弗鲁米嫩塞
巴西,13,维维安,S,182,1999,塞斯克·弗拉门托
巴西,30,肯尼亚,S,185,2000,Batavo/Mackenzie
保加利亚,1,安杰洛娃,MB,192,2007,中央警察
保加利亚,2,热科娃,OH,188,2007,索非亚列夫斯基
保加利亚,3,斯拉夫切娃,S,183,2001,普罗夫迪夫
保加利亚,4,拉德娃,MB,191,2006,索非亚列夫斯基
保加利亚,5,科莱娃,OH,184,2002,海滩(巴超)
保加利亚,6,帕斯科娃,OH,181,1996,亚特兰大 LOVB
保加利亚,7,基季波娃,OH,188,2007,普罗夫迪夫
保加利亚,8,D. 伊万诺娃,S,177,2007,索非亚列夫斯基
保加利亚,9,贝切娃,OH,185,1998,AEK Larnaca(塞浦路斯)
保加利亚,10,科拉罗娃,MB,189,2006,索非亚列夫斯基
保加利亚,11,兹拉坦诺娃,OH,185,2006,索非亚列夫斯基
保加利亚,12,内迪亚尔科娃,L,168,2008,Maritza 2022
保加利亚,13,帕什库莱娃,L,168,2003,普罗夫迪夫
保加利亚,14,B. 赛科娃,MB,187,2000,普罗夫迪夫
保加利亚,15,托多罗娃,L,170,1997,普罗夫迪夫
保加利亚,16,杜多娃,O,198,2006,普罗夫迪夫
保加利亚,18,纳内娃,MB,192,2009,旧帕佐瓦团结(塞尔维亚)
保加利亚,19,A. 米兰诺娃,OH,183,2001,阿菲永(土耳其)
保加利亚,20,B. 安杰洛娃,MB,191,2005,普罗夫迪夫
保加利亚,21,克拉斯特娃,OH,183,1999,阿尔塔穆拉雄狮(意大利)
保加利亚,23,斯托扬诺娃,O,194,2005,瓦莱福利亚(意甲)
保加利亚,26,伊利耶娃,OH,180,2001,亚琛黑娘子军(德甲)
保加利亚,28,M. 尼科洛娃,O,180,2003,巴切利耶夫莱尔(土耳其)
保加利亚,32,韦内娃,OH,186,2009,中央警察
保加利亚,33,尼科洛娃,MB,191,2006,普罗夫迪夫
保加利亚,35,尼诺娃,L,165,2007,CSKA Sofia
保加利亚,37,科耶娃,OH,184,2005,普罗夫迪夫
保加利亚,38,季安科娃,S,171,2007,中央警察
保加利亚,40,马利诺娃,MB,194,2005,索非亚列夫斯基
保加利亚,66,贡切娃,S,180,2006,沃伦塔里(罗马尼亚)
加拿大,1,乔治亚迪斯,L,168,2002,巴塞罗那(西班牙)
加拿大,2,沃森,L,170,2005,多伦多大学
加拿大,3,范赖克,O,188,1999,上海光明优倍
加拿大,6,怀特,MB,186,1993,休斯顿 LOVB
加拿大,9,格雷,OH,185,1994,盐湖城 LOVB
加拿大,10,贝克,S,180,1997,戛纳竞技
加拿大,21,迪克森,MB,192,2005,阿爾伯塔大學
加拿大,23,博伊德,MB,186,2002,沙马利埃尔(法国)
加拿大,11,米特罗维奇,OH,187,1999,麦迪逊 LOVB
加拿大,13,布里,S,183,1998,奥斯汀 LOVB
加拿大,14,约翰逊,OH,185,1998,米纳斯(巴西)
加拿大,16,古曾,OH,190,2005,阿爾伯塔大學
加拿大,20,博罗夫斯基,O,188,2003,不列颠哥伦比亚大学
加拿大,42,金,O,188,2006,长滩州立 49 人队(美联)
加拿大,4,萨瓦德,OH,185,1993,内布拉斯加 LOVB
加拿大,17,约斯特,L,173,2000,亚琛黑娘子军(德国)
加拿大,18,斯姆雷克,O,205,2003,伊萨奇巴希(土超)
加拿大,19,玛格里奥,MB,191,1996,伊萨奇巴希(土超)
加拿大,15,布什,OH,186,2003,印第安纳星火(美联)
加拿大,22,安杜拉耶维奇,L,170,2004,汤姆逊河大学
加拿大,28,苏林克斯,OH,185,2004,曼尼托巴大学
加拿大,29,迪谢诺,OH,184,2002,沃伦塔里(保加利亚)
加拿大,30,萨里斯,OH,181,2003,新士麦尼米隆(希腊)
加拿大,32,法亚德,OH,184,1998,罗兹LKS(波兰)
加拿大,43,勒米尔,OH,188,2002,弗罗茨瓦夫(波兰)
加拿大,27,托克布奥姆,MB,188,2000,瓦莱福利亚(意甲)
加拿大,37,安德鲁斯,MB,193,2003,鲍灵格林州立大学
加拿大,26,佩兰,S,179,1999,特内里费利比斯(西班牙)
加拿大,35,诺布尔,S,179,2003,泰尔维尔 - 弗洛朗日(法国)
加拿大,39,科洛迪,S,176,2003,阿爾伯塔大學
中国,2,庄宇珊,OH,184,2003,圣乔瓦尼(意大利)
中国,3,唐欣,O,184,2004,江苏中天钢铁
中国,4,张籽萱,S,182,2008,江苏中天钢铁
中国,30,郑欣怡,L,171,2003,福建女排
中国,5,刁琳宇,S,183,1994,-
中国,6,龚翔宇,O,189,1997,麦迪逊 LOVB
中国,7,王媛媛,MB,196,1997,加拉塔萨雷(土超)
中国,8,陈厚羽,MB,197,2005,上海光明优倍
中国,9,王奥芊,MB,196,2007,上海光明优倍
中国,21,高意,MB,195,1998,上海光明优倍
中国,25,杨涵玉,MB,196,1999,山东日照钢铁
中国,26,王文涵,MB,191,2002,山东日照钢铁
中国,28,万梓玥,MB,196,2004,江苏中天钢铁
中国,10,杨舒茗,O,192,2008,上海光明优倍
中国,11,李晨瑄,OH,187,2006,山东日照钢铁
中国,13,董禹含,OH,189,2006,北京北冰洋
中国,20,季雨潇,O,195,2006,浙江女排
中国,14,解盛钰,S,186,2004,山东日照钢铁
中国,27,范泊宁,O,195,2006,江苏中天钢铁
中国,1,吴梦洁,OH,195,2002,江苏中天钢铁
中国,15,金佳宝,MB,195,2008,北京北冰洋
中国,16,郭中楠,MB,190,2009,北京北冰洋
中国,12,李盈莹,OH,195,2000,-
中国,17,倪非凡,L,177,2001,江苏中天钢铁
中国,23,王艺竹,OH,190,2001,天津女排
中国,18,王梦洁,L,173,1995,山东日照钢铁
中国,19,朱星辰,L,163,2003,上海光明优倍
中国,22,周页彤,O,186,2002,江苏中天钢铁
中国,24,许晓婷,S,183,1998,上海光明优倍
中国,29,殷小岚,S,184,2004,福建女排
捷克,1,克奈弗洛娃,MB,190,2002,里约蒂茹卡(巴西)
捷克,5,斯沃博多娃,OH,181,1997,波尔多梅里纳克(法国)
捷克,14,科拉罗娃,L,169,2000,利贝雷茨杜克拉
捷克,27,哈卢普科娃,L,172,2003,TJ Sokol Šternberk
捷克,6,格罗泽,OH,188,1988,桑图尔塞螃蟹队(波多黎各)
捷克,4,帕夫洛娃,MB,182,1997,利贝雷茨杜克拉
捷克,8,库利西亚尼,MB,188,2002,库内奥(意大利)
捷克,9,迪格林诺娃,L,169,2000,莎普(比利时)
捷克,11,多斯塔洛娃,L,170,1992,布拉格奥林匹亚
捷克,15,耶赫拉罗娃,MB,189,2000,亚特兰大 LOVB
捷克,16,姆莱恩科娃,OH,185,1996,奥林匹亚科斯(希腊)
捷克,3,菲克索娃,OH,182,2003,利贝雷茨杜克拉
捷克,18,斯米多娃,S,180,1992,布尔诺谢尔米
捷克,20,格拉博夫斯卡,S,180,2002,马尔科普乌洛(希腊)
捷克,7,克尔纳罗娃,OH,178,2005,圣玛丽学院(美联)
捷克,12,诺瓦科娃,OH,178,2005,布尔诺谢尔米
捷克,13,帕夫利科娃,OH,180,2001,利贝雷茨杜克拉
捷克,22,奥尔沃索娃,O,191,2001,尼吕费尔(土超)
捷克,17,布科夫斯卡,OH,184,2003,勒瓦卢瓦圣克卢(法国)
捷克,23,因德罗娃,OH,180,2000,CV Emalsa Gran Canaria(西班牙)
捷克,24,扬斯卡,MB,186,2006,国家排球中心
捷克,29,斯莫尔科娃,OH,187,2006,奥洛穆茨
捷克,2,卡利诺娃,S,175,2006,Národní Volejbalové Centrum
捷克,10,瓦尔科娃,S,177,1996,雅典 AEK(希腊)
捷克,25,布兰库什卡,O,189,2004,苏尔图林根(德国)
捷克,19,佩利卡诺娃,S,177,2004,TJ Ostrava
捷克,28,赖曼诺娃,OH,188,2008,国家排球中心
捷克,21,普拉格罗娃,S,178,2006,利贝雷茨杜克拉
多米尼加,2,Y. 罗德里格斯,L,171,2000,塔帕蒂奥斯(墨西哥)
多米尼加,5,卡斯蒂略,L,167,1992,斯坎迪奇(意大利)
多米尼加,7,马特,S,178,1990,雅典 AEK(希腊)
多米尼加,8,塔皮亚,O,193,2004,土耳其航空(土耳其)
多米尼加,1,阿里亚斯,MB,194,1992,赫米尼斯体育(秘魯)
多米尼加,9,伊诺霍萨,MB,186,1997,-
多米尼加,10,埃雷迪亚,OH,181,2002,哥伦布狂怒队
多米尼加,11,冈萨雷斯,MB,200,2002,圣马丁大学(秘魯)
多米尼加,13,马托斯,OH,188,1998,国家航空学院女排(阿塞拜疆)
多米尼加,27,普恩特,MB,193,2005,北卡罗来纳大学夏洛特分校
多米尼加,30,菲尔波,MB,178,2007,塔帕蒂奥斯(墨西哥)
多米尼加,16,佩尼亚・伊莎贝尔,OH,190,1993,雅加达波尔万(印尼)
多米尼加,14,费利克斯,O,182,2000,利马联盟(秘魯)
多米尼加,23,盖拉,O,190,1997,喀山阿克巴斯迪纳摩(俄罗斯)
多米尼加,18,德拉罗萨,S,178,2001,NEC火箭(日联)
多米尼加,31,蒙德西,O,178,2010,-
多米尼加,4,佩拉尔塔,OH,186,1999,赫米尼斯体育(秘魯)
多米尼加,19,特雷罗,MB,188,2003,赫米尼斯体育(秘魯)
多米尼加,20,B. 马丁内斯,OH,201,1996,喀山阿克巴斯迪纳摩(俄罗斯)
多米尼加,15,吉伦,OH,186,2001,万隆坦达马塔(印尼)
多米尼加,21,J. 马丁内斯,MB,192,1997,天津渤海银行
多米尼加,25,L. 马丁内斯,L,174,1996,-
多米尼加,22,卡拉瓦略,OH,179,1999,MBH-Békéscsabai RSE(匈牙利)
多米尼加,24,纳塔莉亚,OH,186,2000,塔帕蒂奥斯(墨西哥)
多米尼加,6,A. 罗德里格斯,S,184,2005,佛罗里达迈阿密大学
多米尼加,28,阿隆索,O,190,2005,赫米尼斯体育(秘魯)
多米尼加,12,佩雷斯,S,178,1998,-
多米尼加,17,帕尼亚瓜,S,175,2006,-
多米尼加,29,费尔南德斯,L,165,2005,-
多米尼加,32,利贝拉托,S,178,2005,Club Deportivo Calero
法国,5,比梅尔,L,166,1999,勒瓦卢瓦圣克卢
法国,41,阿涅斯,L,164,2006,旺德夫尔南锡
法国,1,卡绍特,OH,184,1997,瓦基弗银行(土耳其)
法国,4,拉塔希里・利,OH,178,2004,戛纳竞技
法国,7,恩迪亚耶,O,188,2002,尼吕费尔(土耳其)
法国,12,恩戈隆戈洛,MB,188,2002,戛纳竞技
法国,8,沙尔克,OH,185,2005,亚利桑那州立大学
法国,20,布鲁尼耶 - 巴朗德拉,MB,190,2005,埃夫勒
法国,9,斯托伊利科维奇,S,180,1996,彭尼奧尼奧斯(希腊)
法国,27,塞比蒂,MB,188,2007,法国未来队
法国,59,德弗赖,MB,191,2003,德州山猫队
法国,10,方格杜,MB,186,2003,沙马利埃尔
法国,15,西尔韦斯,MB,194,2000,蒙维索
法国,18,马蒂,S,191,2007,IFVB 2
法国,77,罗维拉,O,191,2003,戛纳竞技
法国,29,沙莫,S,177,1997,南特海神
法国,2,舒伊克 - 巴贝兹,OH,183,2004,沙马利埃尔
法国,19,德皮,O,182,2007,勒瓦卢瓦圣克卢 CFC
法国,6,库埃特,OH,182,2008,法国未来队
法国,21,埃卢加,MB,191,1999,贝济耶
法国,16,菲东,OH,184,1996,马克昂巴勒勒
法国,25,肖莱,OH,181,2000,Pölkky Kuusamo
法国,35,达纳尔・塞洛斯,S,177,2002,米卢斯
法国,68,热吉,L,165,2001,沙马利埃尔
法国,78,马叙埃尔,MB,184,2000,戛纳竞技
法国,17,布朗,S,186,2005,沙马利埃尔
法国,88,罗塔尔,OH,188,2000,米兰
法国,91,巴,OH,187,2003,基耶里
法国,99,热兰,L,162,2001,格兹泰佩
法国,83,雷斯波,S,177,2003,爱尔福特黑白队
德国,1,内斯特勒,L,169,2001,德累斯顿
德国,3,塞萨尔,L,173,1997,内布拉斯加 LOVB
德国,6,施陶茨,OH,180,1993,斯图加特
德国,29,格尔茨,L,175,2005,爱尔福特黑白队
德国,8,科恩,S,184,2003,什未林
德国,16,采库拉耶夫,MB,187,2003,基耶里
德国,9,阿尔斯迈尔,OH,189,2000,诺瓦拉
德国,13,韦斯克,O,188,2001,贝加莫
德国,24,贝格尔,MB,192,2002,苏尔图林根
德国,14,舍尔策尔,MB,190,1997,刈谷女王
德国,34,海尔,MB,190,2008,明斯特 
德国,35,范克莱韦,MB,193,2003,什未林
德国,15,雅茨科,OH,187,2000,罗马 SMI
德国,20,金德曼,O,190,1999,蒙维索
德国,18,格罗泽,OH,183,2007,什未林
德国,32,耶本斯,O,189,2004,亚琛黑娘子军
德国,19,桑巴莱,L,171,2003,苏尔图林根
德国,7,塔巴丘克斯,OH,188,2007,俄勒冈大学
德国,21,魏策尔,MB,195,2000,斯坎迪奇
德国,11,蒂默,OH,187,2001,亚特兰大律动
德国,12,奥特曼,OH,188,1998,土耳其航空
德国,22,施特鲁贝,MB,189,2001,贝加莫
德国,17,马丁,OH,182,2000,明斯特 
德国,23,施特劳贝,S,185,2002,圣乔瓦尼
德国,27,斯特罗特霍夫,OH,186,2005,明斯特 
德国,33,舒尔策,OH,186,2008,明斯特 
德国,5,格拉布,S,180,2000,基耶里
德国,25,普费弗,MB,194,2005,德累斯顿
德国,31,基希霍夫,O,182,2004,什未林
德国,26,乔丹,S,178,2005,明斯特 
意大利,5,斯皮里托,L,174,1994,基耶里
意大利,2,梅利,MB,183,2001,贝加莫
意大利,3,坎比,S,178,1996,诺瓦拉
意大利,7,费尔西诺,L,169,2000,米兰
意大利,6,马尔凯西尼,MB,188,2006,阿尔蒂诺
意大利,9,阿克拉里,MB,185,1993,蒙维索
意大利,10,莫罗,L,178,1999,蒙维索
意大利,11,达内西,MB,195,1996,米兰
意大利,14,L. 恩瓦卡洛,MB,187,2002,斯坎迪奇
意大利,15,阿迪格韦,O,182,2006,科内利亚诺
意大利,12,弗罗西尼,O,188,2002,塔尔马松斯
意大利,16,内尔维尼,OH,184,2003,基耶里
意大利,27,迪奥普,O,191,2002,库内奥
意大利,18,埃格努,O,193,1998,米兰
意大利,4,塔纳塞,OH,178,2000,佛罗伦萨
意大利,17,西拉,OH,184,1995,加拉塔萨雷
意大利,19,法尔,MB,192,2001,科内利亚诺
意大利,21,奥莫鲁伊,OH,184,2002,瓦莱福利亚
意大利,22,乔瓦尼尼,OH,182,2001,瓦莱福利亚
意大利,24,安特罗波娃,OH,202,2003,斯坎迪奇
意大利,8,奥罗,S,178,1998,费内巴切
意大利,20,埃泽,S,180,2003,贝加莫
意大利,25,曼弗雷迪尼,MB,188,2006,贝加莫
意大利,28,博内利,S,183,2000,马切拉塔
意大利,29,斯科拉,S,176,2001,塔尔马松斯
意大利,30,埃克尔,MB,188,2003,布斯托
意大利,31,奥博萨,O,183,1999,布斯托
意大利,32,佩洛尼,L,176,2002,布斯托
意大利,33,博尔佐内蒂,OH,188,2002,贝加莫
意大利,34,纳尔多,OH,182,2002,圣乔瓦尼
日本,1,和田由纪子,OH,175,2002,NEC火箭
日本,9,岩澤 実育,L,163,1999,埼玉上尾
日本,2,荒木彩花,MB,185,2001,久光制药
日本,3,岛村春世,MB,182,1992,光州胡椒储蓄银行
日本,32,西村 弥菜美,L,168,2000,久光制药
日本,4,石川真佑,OH,174,2000,诺瓦拉
日本,5,佐藤淑乃,OH,178,2001,NEC火箭
日本,6,关菜菜巳,S,171,1999,布斯托
日本,7,栄 絵里香,S,168,1991,久光制药
日本,10,中川 司,S,159,2000,NEC火箭
日本,11,山田二千华,MB,184,2000,NEC火箭
日本,29,甲 萌香,MB,182,1997,NEC火箭
日本,8,小岛满菜美,L,158,1994,AU 女排联赛
日本,12,福留慧美,L,162,1997,姬路
日本,13,山口 真季,MB,176,1999,黑部水精灵
日本,16,鴫原 日向,OH,175,2001,刈谷女王
日本,17,川添 美優,OH,170,2001,PFU蓝猫
日本,19,西崎 愛菜,L,158,2002,大阪奇妙
日本,21,广田爱,OH,176,2003,NEC火箭
日本,15,宫部蓝梨,MB,181,1998,姬路
日本,22,北窗绚音,OH,183,2004,久光制药
日本,30,志摩 美古都,OH,175,1999,大阪奇妙
日本,23,井上 未唯奈,MB,180,2006,久光制药
日本,18,宮部 愛芽世,OH,174,2001,大阪奇妙
日本,26,秋本美空,OH,185,2006,德累斯顿
日本,14,塩出 仁美,S,174,1999,大阪奇妙
日本,24,花岡 千聡,S,174,2006,东丽箭
日本,31,松井 珠己,S,170,1998,PFU蓝猫
荷兰,2,滕布林克,MB,188,2004,什未林
荷兰,3,H. 雅斯珀,L,175,2001,帕奥克
荷兰,5,克诺莱马,OH,189,2003,佛罗伦萨
荷兰,6,马林,OH,184,2001,库内奥
荷兰,8,格里特森,MB,195,2005,什未林
荷兰,9,莫莱纳尔,L,178,2005,明斯特 
荷兰,10,范阿伦,S,186,2000,基耶里
荷兰,11,扬森,OH,181,2001,热舒夫
荷兰,12,邦哈尔茨,S,185,1996,加拉塔萨雷
荷兰,14,范德沃瑟,O,187,2004,沃伦塔里
荷兰,16,拜延斯,MB,193,2001,诺瓦拉
荷兰,17,沃斯,OH,184,2002,什未林
荷兰,18,M. 雅斯珀,OH,180,1996,热舒夫
荷兰,19,达尔德罗普,OH,189,1998,科内利亚诺
荷兰,20,科克,OH,187,2004,什未林
荷兰,21,斯图特,MB,198,2003,什未林
荷兰,22,科宁恩贝赫,S,184,2004,威斯巴登
荷兰,23,蒂默曼,MB,192,1998,加拉塔萨雷
荷兰,24,萨费尔库尔,OH,184,1995,马克昂巴勒勒
荷兰,25,赖辛克,L,174,1998,什未林
荷兰,26,达姆布林克,O,189,2003,基耶里
荷兰,27,耶尔斯马,O,188,2007,迪纳摩
荷兰,28,库伊珀斯,OH,186,2002,德累斯顿
荷兰,29,韦塞尔斯,MB,185,2006,Apollo 8
荷兰,30,范德派尔,OH,196,2003,威斯巴登
荷兰,31,达姆布林克,MB,193,2007,迪纳摩
荷兰,32,赞德,S,180,2005,亚琛黑娘子军
荷兰,33,斯特里克韦达,S,179,2006,迪纳摩
荷兰,34,梅耶,L,176,2008,迪纳摩
荷兰,35,P. 科克,OH,185,2006,迪纳摩
波兰,1,什楚罗夫斯卡,O,188,2001,贝西克塔斯
波兰,2,奥日沃夫斯卡,MB,191,1998,BKS BOSTIK ZGO Bielsko-Biała
波兰,3,斯蒂夏克,O,203,2000,伊萨奇巴希
波兰,4,休达,S,178,2007,罗兹建设
波兰,5,拉辛斯卡,O,190,1998,Vestel Manisa Büyükşehir Belediye Spor
波兰,6,奥比亚瓦,MB,187,1995,罗兹ŁKS
波兰,7,奥尔诺赫,OH,190,2007,马切拉塔
波兰,8,皮娅塞茨卡,OH,189,2002,热舒夫
波兰,9,穆雷克,OH,180,1999,波尔图
波兰,10,维杜赫,L,171,2004,奥波莱大学
波兰,11,卢卡西克,OH,190,1999,加拉塔萨雷
波兰,12,什奇格沃夫斯卡,L,172,1998,热舒夫
波兰,14,兰普科夫斯卡,OH,183,1999,帕纳辛奈科斯
波兰,15,奇尔尼亚斯卡,OH,192,2003,库泽博鲁
波兰,16,斯特凡尼克,MB,192,2002,罗兹ŁKS
波兰,18,利夏克,L,172,1999,罗兹建设
波兰,19,奥尔佐乌,OH,182,2002,波利采化工
波兰,20,莫申斯卡,MB,190,2005,梅莱茨钢铁
波兰,21,格拉布卡,S,180,1998,罗兹建设
波兰,22,什拉戈夫斯卡,OH,188,2001,万隆坦达马塔
波兰,23,马卡罗夫斯卡 - 库莱伊,S,178,2000,奥波莱大学
波兰,24,达马什凯,OH,180,2001,罗兹建设
波兰,26,韦内尔斯卡,S,177,1993,热舒夫
波兰,28,谢拉德茨卡,O,187,1997,热舒夫
波兰,31,凯赫尔,MB,192,2004,奥波莱大学
波兰,32,科普特,MB,190,2007,波利采化工
波兰,61,德罗兹,MB,191,2004,弗罗茨瓦夫
波兰,77,潘采维奇,L,167,1999,莫吉尔诺猎鹰
波兰,95,尤尔奇克,MB,183,1995,奥斯汀 LOVB
波兰,98,宾奇茨卡,S,173,2002,梅莱茨钢铁
塞尔维亚,4,梅德韦德,L,180,2002,麦迪逊 LOVB
塞尔维亚,16,耶格迪奇,L,167,1994,瓦基弗银行
塞尔维亚,1,伊万诺维奇,OH,183,2004,科拉贝尔卡
塞尔维亚,3,奥斯马伊奇,MB,192,2003,姬路
塞尔维亚,8,米尔科维奇,S,185,1995,库阿内什
塞尔维亚,5,M. 波波维奇,MB,187,1994,圣彼得堡列宁格勒卡
塞尔维亚,7,德利奇,MB,193,2000,阿尔巴布拉日
塞尔维亚,9,佩罗维奇,S,182,2001,图拉图利察
塞尔维亚,11,库尔塔吉奇,MB,195,2004,米兰
塞尔维亚,21,马莱舍维奇,MB,193,2002,佛罗伦萨
塞尔维亚,24,米洛耶维奇,MB,193,1999,勒卡内沃莱罗
塞尔维亚,13,祖比奇,OH,186,2004,旧帕佐瓦团结
塞尔维亚,41,奇库茨 - 迪恩斯 纳特,MB,182,2003,滕特
塞尔维亚,18,博什科维奇,O,193,1997,瓦基弗银行
塞尔维亚,14,阿莱克西奇,MB,188,1997,泽仁体育
塞尔维亚,33,陶布纳,O,188,2002,帕奥克
塞尔维亚,15,乌泽拉茨,OH,188,2004,泽仁体育
塞尔维亚,17,帕基奇,L,173,2004,铁路工人
塞尔维亚,25,查伊奇,OH,181,2001,尼吕费尔
塞尔维亚,26,基罗夫,MB,189,2005,弗拉门戈
塞尔维亚,27,布基利奇,O,191,1999,大田正官庄红色火花
塞尔维亚,31,茨维特科维奇,OH,186,2002,滕特
塞尔维亚,28,米列维奇,S,177,1998,阿尔巴布拉日
塞尔维亚,35,米亚托维奇,OH,190,2001,艾登都会
塞尔维亚,42,米哈伊洛维奇,OH,180,2006,乌布女排
塞尔维亚,30,安东诺维奇,OH,185,2009,贝尔格莱德红星
塞尔维亚,32,戈查宁,L,179,2002,滕特
塞尔维亚,10,奥格年诺维奇,S,183,1984,斯坎迪奇
塞尔维亚,34,蒂察,OH,179,2003,乌拉洛奇卡
塞尔维亚,29,亚克希奇,S,178,1998,巴切列夫莱尔
泰国,2,皮雅努,L,171,1989,春武里至尊
泰国,3,波蓬,S,173,1993,奥兰多女武神
泰国,4,干亚拉特,MB,185,2002,春武里至尊
泰国,5,塔达奥,MB,186,1994,PFU蓝猫
泰国,6,瓦丽萨拉,OH,173,2005,春武里至尊
泰国,7,帕帕查亚,O,176,2006,呵叻 3M 影视
泰国,8,瓦鲁妮,MB,183,2004,呵叻 3M 影视
泰国,9,卡利亚拉特,L,168,2005,呵叻 3M 影视
泰国,10,南纳帕,O,176,2004,斯巴顿大学
泰国,11,萨西帕蓬,OH,178,1997,呵叻 3M 影视
泰国,12,哈塔雅,MB,180,1993,久光制药
泰国,13,卡诺蓬,S,171,2005,斯巴顿大学
泰国,14,库蒂卡,OH,171,1994,
泰国,15,纳塔妮查,S,172,1998,春武里至尊
泰国,16,平皮查亚,O,180,1998,旺德夫尔南锡
泰国,17,朱丽蓬,MB,177,2001,春武里皇家理工大学
泰国,18,阿耶查拉蓬,OH,180,1995,山形
泰国,19,查楚昂,OH,182,1999,姬路
泰国,20,素帕瓦迪,O,185,2007,春武里至尊
泰国,21,缇普苏达,MB,183,2006,呵叻 3M 影视
泰国,22,妮拉叻,OH,177,2006,呵叻 3M 影视
泰国,23,纳塔丽卡,MB,181,2007,春武里至尊
泰国,24,萨西通,MB,180,2007,
泰国,26,甘蒂玛,OH,175,1999,春武里皇家理工大学
泰国,27,干差娜,OH,180,2006,春武里至尊
泰国,28,塞拉,S,180,2008,春武里皇家理工大学
泰国,29,维蒙拉,MB,180,2002,山形
泰国,30,吉达帕,L,172,2002,达尔汗巨头
泰国,33,纳塔妮查,S,178,2009,春武里至尊 U18
泰国,41,格瓦卡莱亚,MB,179,1994,四色菊电力
土耳其,1,奥格,L,172,1993,费内巴切
土耳其,5,伊尔马兹,L,169,1997,土耳其航空
土耳其,3,奥兹巴依,S,179,1996,瓦基弗银行
土耳其,33,伊兹比勒尔,L,172,1997,尼吕费尔
土耳其,4,瓦尔加斯,O,194,1999,费内巴切
土耳其,6,S.沙欣,OH,183,1998,泽仁体育
土耳其,7,巴拉丁,OH,187,1997,费内巴切
土耳其,8,杰克,MB,195,1993,伊萨奇巴希
土耳其,19,卡拉奇,MB,185,1995,费内巴切
土耳其,27,巴尔坎,MB,193,2009,伊萨奇巴希
土耳其,10,亚特金,L,170,1999,加拉塔萨雷
土耳其,57,梅尔韦,MB,191,2000,贝西克塔斯
土耳其,88,居韦利,MB,188,1999,加拉塔萨雷
土耳其,12,E.沙欣,S,184,2001,伊萨奇巴希
土耳其,17,于兹根奇,O,192,1999,库泽博鲁
土耳其,21,丘鲁克,O,182,2001,库泽博鲁
土耳其,34,耶希尔马克,O,184,2005,伊尔银行
土耳其,13,迪拉伊,S,189,2005,伊萨奇巴希
土耳其,15,尤亚尼克,MB,194,2001,瓦基弗银行
土耳其,16,奥兹登,MB,187,2004,瓦基弗银行
土耳其,18,居内什,MB,198,1999,瓦基弗银行
土耳其,23,萨弗罗诺娃,OH,192,2006,勒卡内沃莱罗
土耳其,20,亚普拉克,OH,182,2001,伊萨奇巴希
土耳其,22,伊尔金,OH,179,2000,加拉塔萨雷
土耳其,99,卡拉库尔特,OH,195,2000,伊萨奇巴希
土耳其,44,阿克索伊,MB,190,2003,土耳其航空
土耳其,77,乌伊萨尔坎,OH,196,2009,瓦基弗银行
土耳其,91,巴绍尔朱,OH,192,2006,阿拉斯货运
土耳其,28,布塞,S,184,1997,尼吕费尔
土耳其,51,卡拉索伊,S,181,1996,费内巴切
乌克兰,1,米连科,OH,180,1999,布加勒斯特迪纳摩
乌克兰,2,梅柳什金娜,MB,190,1996,贝西克塔斯
乌克兰,27,库特尼亚科娃,L,180,1997,SK Balta-BPK
乌克兰,3,日林斯卡,MB,191,2007,拉多姆
乌克兰,4,卢岑科,L,176,2003,弗罗茨瓦夫
乌克兰,7,多斯曼,MB,184,1993,热舒夫
乌克兰,8,赫拉西姆丘克,MB,185,2006,布科温卡
乌克兰,20,马耶夫斯卡,MB,190,2001,Absheron
乌克兰,9,帕尔福诺娃,S,182,1998,布科温卡
乌克兰,10,努达,OH,178,2002,新堡奥林匹亚
乌克兰,29,雷博夫列娃,MB,188,2005,Halychanka-TNEU-GADZ
乌克兰,11,丹恰克,O,192,2000,IBK企业银行
乌克兰,16,利索娃,O,195,2009,布科温卡
乌克兰,13,费季克,OH,180,2002,考波什堡
乌克兰,24,哈尔钦斯卡,O,192,2001,俄亥俄大学
乌克兰,32,费德丘克,O,180,1996,SK Balta-BPK
乌克兰,14,沙尔霍罗茨卡,S,182,2002,七河
乌克兰,6,帕夫利克,OH,180,2005,布科温卡
乌克兰,17,纳帕尔科娃,S,185,1997,维耶斯蒂
乌克兰,19,阿尔季舒克,O,190,2001,什未林
乌克兰,18,卡普兰斯卡,OH,180,2003,摩德纳
乌克兰,21,扎尔科娃,MB,192,2005,SK Balta-BPK
乌克兰,28,卡普兰斯卡,OH,180,2003,Absheron
乌克兰,33,亚库舍娃,OH,185,2002,多布罗迪
乌克兰,22,博伊科,L,174,2003,布科温卡
乌克兰,23,迪马尔,OH,182,1994,厄斯克门
乌克兰,26,科塔尔,MB,190,2000,米卢斯
乌克兰,25,霍洛德,S,177,2006,SK Balta-BPK
乌克兰,30,莫尔恰诺娃,S,182,2007,拉多姆
乌克兰,34,胡赛诺娃,S,179,2004,VK Naftusya
美国,1,汉考克,S,180,1992,AU 女排联赛
美国,2,波尔特,S,188,1997,盐湖城 LOVB
美国,3,A. 斯金纳,OH,186,1999,斯坎迪奇
美国,5,基普,O,196,2000,贝加莫
美国,6,亨茨,L,175,1998,大急流城崛起队
美国,7,奥尼尔,MB,190,1999,奥斯汀 LOVB
美国,8,罗德里格斯,L,165,2003,内布拉斯加 LOVB
美国,9,M. 斯金纳,O,188,2001,奥斯汀 LOVB
美国,10,万克,OH,186,1996,弗拉门戈
美国,11,卡阿哈艾纳 - 托雷斯,S,183,2000,大急流城崛起队
美国,12,汤普森,O,193,1997,AU 女排联赛
美国,14,霍尔,MB,188,1999,麦迪逊 LOVB
美国,16,雷特克,MB,203,1999,伊萨奇巴希
美国,17,迈纳,S,183,2003,米兰
美国,18,斯科特,L,175,2003,印第安纳星火
美国,19,奥格尔维,L,178,2002,奥马哈超新星队
美国,20,费尔班克斯,S,183,2003,亚特兰大 LOVB
美国,21,霍夫曼,OH,188,2000,盐湖城 LOVB
美国,22,富兰克林,OH,193,2002,斯坎迪奇
美国,24,奥博古,MB,188,1995,瓦基弗银行
美国,25,哈洛克,OH,190,1998,雅加达国家电力
美国,26,多德森,MB,193,2001,蒙维索
美国,27,班克斯,OH,188,2001,奥斯汀 LOVB
美国,29,麦凯奇,MB,191,1994,奥斯汀 LOVB
美国,33,埃格尔斯顿,OH,185,2000,奥斯汀 LOVB
美国,34,萨梅迪,O,188,1998,久光制药
美国,35,巴布科克,O,193,2005,匹兹堡大学
美国,44,斯塔福德,OH,185,2005,得克萨斯大学
美国,77,弗朗西斯,MB,198,2003,大阪奇妙
美国,99,贝尔德,OH,191,2001,奥萨斯科
